{
    "dataset": "osm_transductive",
    "prefix": "linkoping-osm",
    "lr": 0.001,
    "l2": 0.0001,
    "units": 256,
    "heads": 8,
    "dropout": 0.2,
    "model_size": "big",
    "curvature": 1.0,
    "best_epoch": 1448,
    "test_loss": 0.6666986346244812,
    "test_acc": 0.7440009713172913,
    "test_macro_f1": 0.7156690490640478,
    "test_micro_f1": 0.744,
    "val_loss": 0.69197678565979,
    "val_acc": 0.7380003333091736
}