{
    "dataset": "osm_transductive",
    "prefix": "linkoping-osm",
    "lr": 0.002,
    "l2": 0.0001,
    "units": 512,
    "heads": 16,
    "dropout": 0.1,
    "model_size": "big",
    "curvature": 1.0,
    "best_epoch": 173,
    "test_loss": 0.6079930067062378,
    "test_acc": 0.7580010890960693,
    "test_macro_f1": 0.7328945023343378,
    "test_micro_f1": 0.7579999999999999,
    "val_loss": 0.65227210521698,
    "val_acc": 0.7620004415512085
}