{
    "test_loss": 1.073696494102478,
    "test_acc": 0.6012504696846008,
    "macro_f1": 0.12516263335935468,
    "micro_f1": 0.60125,
    "weighted_f1": 0.451524199843872,
    "val_loss": 1.1280999183654785,
    "val_acc": 0.5900002121925354
}