{
    "test_loss": 1.1090112924575806,
    "test_acc": 0.5884451270103455,
    "macro_f1": 0.24910808078206048,
    "micro_f1": 0.5884452073358027,
    "weighted_f1": 0.5271440836279492,
    "val_loss": 1.2231918573379517,
    "val_acc": 0.5470112562179565
}