{
    "test_loss": 1.4907740354537964,
    "test_acc": 0.5479766726493835,
    "macro_f1": 0.1213107513095633,
    "micro_f1": 0.547976340434854,
    "weighted_f1": 0.39119516140406385,
    "val_loss": 1.4835478067398071,
    "val_acc": 0.5529879331588745
}